{
  "correlation": -0.008143937498830071,
  "rank_correlation": -0.02209105227630691,
  "mae": 0.2581935717608417,
  "mse": 0.08990719076719739,
  "rmse": 0.2998452780471912,
  "sharpe_ratio": 0.06282708185505055,
  "max_drawdown": -0.633032701868947,
  "feature_neutral_correlation": -0.035850458380436254,
  "mean_era_correlation": -0.0009526407015032657,
  "std_era_correlation": 0.19582260889986203,
  "sharpe_era": -0.004864814675155402
}